nombre,x,y,z,area,volumen,altura
203,809780.256,9157805.099,2645,14911,89466,6
203,809776.465,9157804.947,2645,14911,89466,6
203,809775.832,9157804.901,2645,14911,89466,6
203,809775.311,9157804.813,2645,14911,89466,6
203,809771.272,9157804.176,2645,14911,89466,6
203,809769.889,9157803.915,2645,14911,89466,6
203,809766.802,9157803.304,2645,14911,89466,6
203,809765.417,9157803.001,2645,14911,89466,6
203,809762.771,9157802.416,2645,14911,89466,6
203,809760.798,9157801.959,2645,14911,89466,6
203,809759.631,9157801.659,2645,14911,89466,6
203,809758.808,9157801.398,2645,14911,89466,6
203,809757.715,9157801.058,2645,14911,89466,6
203,809757.062,9157800.812,2645,14911,89466,6
203,809755.165,9157800.126,2645,14911,89466,6
203,809753.666,9157799.487,2645,14911,89466,6
203,809752.057,9157798.679,2645,14911,89466,6
203,809749.606,9157797.369,2645,14911,89466,6
203,809748.954,9157797.006,2645,14911,89466,6
203,809747.183,9157796.022,2645,14911,89466,6
203,809745.902,9157795.295,2645,14911,89466,6
203,809745.396,9157794.997,2645,14911,89466,6
203,809743.048,9157793.398,2645,14911,89466,6
203,809740.905,9157791.965,2645,14911,89466,6
203,809740.321,9157791.575,2645,14911,89466,6
203,809738.958,9157790.798,2645,14911,89466,6
203,809737.49,9157789.983,2645,14911,89466,6
203,809736.958,9157789.698,2645,14911,89466,6
203,809735.789,9157789.037,2645,14911,89466,6
203,809733.099,9157787.453,2645,14911,89466,6
203,809730.269,9157785.662,2645,14911,89466,6
203,809729.783,9157785.362,2645,14911,89466,6
203,809727.933,9157784.244,2645,14911,89466,6
203,809727.148,9157783.784,2645,14911,89466,6
203,809725.037,9157782.506,2645,14911,89466,6
203,809723.022,9157781.231,2645,14911,89466,6
203,809722.418,9157780.862,2645,14911,89466,6
203,809721.664,9157780.318,2645,14911,89466,6
203,809720.12,9157779.246,2645,14911,89466,6
203,809718.753,9157778.306,2645,14911,89466,6
203,809718.021,9157777.681,2645,14911,89466,6
203,809715.202,9157775.359,2645,14911,89466,6
203,809712.706,9157772.779,2645,14911,89466,6
203,809712.276,9157772.344,2645,14911,89466,6
203,809710.404,9157770.474,2645,14911,89466,6
203,809709.404,9157769.48,2645,14911,89466,6
203,809709.202,9157769.286,2645,14911,89466,6
203,809706.484,9157766.69,2645,14911,89466,6
203,809705.911,9157766.057,2645,14911,89466,6
203,809704.184,9157764.175,2645,14911,89466,6
203,809702.752,9157762.925,2645,14911,89466,6
203,809701.384,9157761.553,2645,14911,89466,6
203,809699.747,9157760.055,2645,14911,89466,6
203,809698.615,9157758.972,2645,14911,89466,6
203,809696.846,9157757.218,2645,14911,89466,6
203,809696.191,9157756.531,2645,14911,89466,6
203,809695.358,9157755.509,2645,14911,89466,6
203,809695.28,9157755.387,2645,14911,89466,6
203,809694.821,9157754.747,2645,14911,89466,6
203,809693.21,9157752.435,2645,14911,89466,6
203,809692.751,9157751.881,2645,14911,89466,6
203,809691.792,9157750.196,2645,14911,89466,6
203,809691.171,9157749.151,2645,14911,89466,6
203,809690.845,9157748.555,2645,14911,89466,6
203,809689.854,9157746.927,2645,14911,89466,6
203,809688.541,9157744.401,2645,14911,89466,6
203,809688.191,9157744.009,2645,14911,89466,6
203,809688.134,9157743.914,2645,14911,89466,6
203,809687.427,9157742.857,2645,14911,89466,6
203,809686.971,9157741.674,2645,14911,89466,6
203,809686.514,9157740.49,2645,14911,89466,6
203,809685.452,9157737.69,2645,14911,89466,6
203,809684.229,9157734.545,2645,14911,89466,6
203,809683.137,9157731.904,2645,14911,89466,6
203,809682.543,9157730.101,2645,14911,89466,6
203,809681.927,9157728.227,2645,14911,89466,6
203,809681.287,9157726.394,2645,14911,89466,6
203,809680.386,9157724.265,2645,14911,89466,6
203,809679.372,9157721.868,2645,14911,89466,6
203,809679.144,9157721.25,2645,14911,89466,6
203,809678.618,9157719.846,2645,14911,89466,6
203,809676.977,9157714.512,2645,14911,89466,6
203,809676.471,9157713.266,2645,14911,89466,6
203,809674.322,9157707.837,2645,14911,89466,6
203,809672.631,9157703.227,2645,14911,89466,6
203,809672.439,9157702.645,2645,14911,89466,6
203,809671.255,9157699.51,2645,14911,89466,6
203,809670.571,9157697.697,2645,14911,89466,6
203,809670.115,9157696.381,2645,14911,89466,6
203,809670.012,9157696.083,2645,14911,89466,6
203,809669.9,9157695.627,2645,14911,89466,6
203,809669.013,9157692.274,2645,14911,89466,6
203,809668.299,9157689.417,2645,14911,89466,6
203,809668.281,9157689.342,2645,14911,89466,6
203,809667.633,9157686.302,2645,14911,89466,6
203,809667.02,9157683.426,2645,14911,89466,6
203,809666.977,9157683.068,2645,14911,89466,6
203,809667.576,9157677.541,2645,14911,89466,6
203,809667.612,9157676.591,2645,14911,89466,6
203,809668.522,9157671.992,2645,14911,89466,6
203,809669.073,9157669.699,2645,14911,89466,6
203,809670.421,9157664.919,2645,14911,89466,6
203,809671.104,9157661.106,2645,14911,89466,6
203,809671.648,9157658.119,2645,14911,89466,6
203,809671.666,9157654.927,2645,14911,89466,6
203,809671.414,9157650.165,2645,14911,89466,6
203,809671.416,9157649.794,2645,14911,89466,6
203,809671.408,9157649.614,2645,14911,89466,6
203,809671.226,9157647.994,2645,14911,89466,6
203,809670.528,9157647.339,2645,14911,89466,6
203,809670.019,9157646.534,2645,14911,89466,6
203,809668.818,9157646.347,2645,14911,89466,6
203,809665.888,9157645.746,2645,14911,89466,6
203,809663.665,9157645.467,2645,14911,89466,6
203,809661.724,9157645.157,2645,14911,89466,6
203,809661.129,9157642.964,2645,14911,89466,6
203,809661.015,9157642.409,2645,14911,89466,6
203,809660.065,9157638.229,2645,14911,89466,6
203,809659.706,9157636.595,2645,14911,89466,6
203,809659.614,9157636.244,2645,14911,89466,6
203,809658.895,9157632.747,2645,14911,89466,6
203,809658.849,9157632.651,2645,14911,89466,6
203,809658.14,9157628.945,2645,14911,89466,6
203,809657.813,9157626.137,2645,14911,89466,6
203,809657.742,9157625.766,2645,14911,89466,6
203,809657.254,9157622.587,2645,14911,89466,6
203,809657.306,9157622.309,2645,14911,89466,6
203,809656.766,9157619.351,2645,14911,89466,6
203,809656.653,9157619.116,2645,14911,89466,6
203,809658.667,9157613.083,2645,14911,89466,6
203,809662.458,9157614.996,2645,14911,89466,6
203,809667.716,9157619.639,2645,14911,89466,6
203,809671.127,9157627.415,2645,14911,89466,6
203,809677.334,9157633.947,2645,14911,89466,6
203,809683.226,9157637.42,2645,14911,89466,6
203,809690.539,9157641.624,2645,14911,89466,6
203,809705.142,9157647.283,2645,14911,89466,6
203,809728.632,9157645.864,2645,14911,89466,6
203,809745.098,9157640.707,2645,14911,89466,6
203,809760.158,9157633.166,2645,14911,89466,6
203,809755.023,9157671.281,2645,14911,89466,6
203,809771.768,9157697.696,2645,14911,89466,6
203,809801.42,9157710.171,2645,14911,89466,6
203,809780.256,9157805.099,2645,14911,89466,6
204,810048.294,9157090.443,2627,4508,27048,6
204,810048.015,9157090.866,2627,4508,27048,6
204,810046.871,9157092.333,2627,4508,27048,6
204,810045.872,9157093.765,2627,4508,27048,6
204,810045.575,9157094.225,2627,4508,27048,6
204,810044.637,9157095.73,2627,4508,27048,6
204,810043.591,9157097.232,2627,4508,27048,6
204,810043.202,9157097.981,2627,4508,27048,6
204,810042.356,9157099.437,2627,4508,27048,6
204,810041.476,9157100.84,2627,4508,27048,6
204,810041.087,9157101.708,2627,4508,27048,6
204,810040.229,9157102.95,2627,4508,27048,6
204,810039.579,9157103.912,2627,4508,27048,6
204,810038.788,9157105.141,2627,4508,27048,6
204,810038.242,9157106.46,2627,4508,27048,6
204,810037.533,9157107.536,2627,4508,27048,6
204,810036.813,9157108.63,2627,4508,27048,6
204,810036.15,9157109.59,2627,4508,27048,6
204,810035.131,9157111.148,2627,4508,27048,6
204,810034.44,9157112.014,2627,4508,27048,6
204,810033.676,9157112.671,2627,4508,27048,6
204,810032.634,9157114.074,2627,4508,27048,6
204,810032.136,9157114.842,2627,4508,27048,6
204,810031.06,9157115.849,2627,4508,27048,6
204,810030.602,9157116.516,2627,4508,27048,6
204,810029.373,9157118.041,2627,4508,27048,6
204,810028.936,9157118.602,2627,4508,27048,6
204,810027.498,9157120.014,2627,4508,27048,6
204,810027.102,9157120.4,2627,4508,27048,6
204,810026.765,9157120.69,2627,4508,27048,6
204,810025.063,9157122.662,2627,4508,27048,6
204,810024.799,9157122.907,2627,4508,27048,6
204,810022.975,9157124.763,2627,4508,27048,6
204,810022.391,9157124.466,2627,4508,27048,6
204,810022.724,9157125.042,2627,4508,27048,6
204,810020.84,9157126.867,2627,4508,27048,6
204,810020.812,9157126.918,2627,4508,27048,6
204,810019.846,9157127.878,2627,4508,27048,6
204,810020.353,9157128.258,2627,4508,27048,6
204,810018.701,9157129.781,2627,4508,27048,6
204,810019.109,9157130.985,2627,4508,27048,6
204,810019.402,9157131.274,2627,4508,27048,6
204,810021.134,9157132.436,2627,4508,27048,6
204,810021.853,9157132.565,2627,4508,27048,6
204,810021.911,9157132.927,2627,4508,27048,6
204,810023.208,9157133.803,2627,4508,27048,6
204,810023.692,9157135.017,2627,4508,27048,6
204,810023.789,9157135.283,2627,4508,27048,6
204,810024.448,9157136.041,2627,4508,27048,6
204,810024.582,9157137.092,2627,4508,27048,6
204,810024.953,9157138.075,2627,4508,27048,6
204,810025.135,9157139.136,2627,4508,27048,6
204,810025.175,9157140.012,2627,4508,27048,6
204,810025.113,9157141.054,2627,4508,27048,6
204,810024.977,9157142.108,2627,4508,27048,6
204,810024.726,9157143.05,2627,4508,27048,6
204,810024.665,9157143.702,2627,4508,27048,6
204,810024.51,9157144.954,2627,4508,27048,6
204,810024.39,9157145.88,2627,4508,27048,6
204,810024.162,9157146.763,2627,4508,27048,6
204,810023.982,9157147.33,2627,4508,27048,6
204,810023.738,9157148.186,2627,4508,27048,6
204,810023.529,9157149.286,2627,4508,27048,6
204,810023.337,9157149.912,2627,4508,27048,6
204,810023.027,9157150.833,2627,4508,27048,6
204,810022.186,9157152.534,2627,4508,27048,6
204,810022.092,9157153.461,2627,4508,27048,6
204,810021.923,9157154.345,2627,4508,27048,6
204,810021.41,9157155.101,2627,4508,27048,6
204,810020.603,9157156.888,2627,4508,27048,6
204,810020.601,9157158.161,2627,4508,27048,6
204,810020.184,9157158.989,2627,4508,27048,6
204,810020.01,9157159.95,2627,4508,27048,6
204,810019.56,9157160.833,2627,4508,27048,6
204,810018.77,9157162.172,2627,4508,27048,6
204,810018.353,9157163.061,2627,4508,27048,6
204,810017.641,9157164.492,2627,4508,27048,6
204,810017.151,9157165.561,2627,4508,27048,6
204,810016.669,9157166.712,2627,4508,27048,6
204,810016.461,9157167.805,2627,4508,27048,6
204,810016.386,9157168.64,2627,4508,27048,6
204,810016.303,9157169.42,2627,4508,27048,6
204,810015.941,9157170.168,2627,4508,27048,6
204,810015.489,9157171.625,2627,4508,27048,6
204,810015.201,9157172.365,2627,4508,27048,6
204,810014.993,9157173.144,2627,4508,27048,6
204,810014.402,9157173.711,2627,4508,27048,6
204,810013.922,9157174.892,2627,4508,27048,6
204,810013.769,9157175.825,2627,4508,27048,6
204,810013.345,9157176.503,2627,4508,27048,6
204,810013.989,9157183.873,2627,4508,27048,6
204,810013.708,9157185.692,2627,4508,27048,6
204,810013.228,9157187.005,2627,4508,27048,6
204,810012.726,9157188.318,2627,4508,27048,6
204,810012.113,9157189.678,2627,4508,27048,6
204,810011.235,9157191.147,2627,4508,27048,6
204,810010.479,9157192.312,2627,4508,27048,6
204,810009.767,9157193.535,2627,4508,27048,6
204,810009.085,9157194.845,2627,4508,27048,6
204,810008.537,9157195.835,2627,4508,27048,6
204,810007.923,9157197.117,2627,4508,27048,6
204,810007.387,9157198.448,2627,4508,27048,6
204,810007.134,9157199.99,2627,4508,27048,6
204,810006.399,9157201.167,2627,4508,27048,6
204,810005.753,9157202.492,2627,4508,27048,6
204,810005.293,9157203.673,2627,4508,27048,6
204,810005.05,9157204.426,2627,4508,27048,6
204,810004.783,9157205.2,2627,4508,27048,6
204,810004.61,9157206.55,2627,4508,27048,6
204,810004.458,9157207.347,2627,4508,27048,6
204,810004.243,9157209.178,2627,4508,27048,6
204,810003.689,9157210.42,2627,4508,27048,6
204,810003.57,9157212.559,2627,4508,27048,6
204,810003.845,9157213.533,2627,4508,27048,6
204,810004.163,9157214.676,2627,4508,27048,6
204,810004.297,9157215.957,2627,4508,27048,6
204,810003.911,9157217.805,2627,4508,27048,6
204,810003.934,9157219.041,2627,4508,27048,6
204,810004.043,9157220.179,2627,4508,27048,6
204,810004.169,9157221.269,2627,4508,27048,6
204,810004.331,9157222.38,2627,4508,27048,6
204,810004.597,9157223.425,2627,4508,27048,6
204,810005.659,9157225.395,2627,4508,27048,6
204,810006.895,9157226.219,2627,4508,27048,6
204,810007.597,9157226.743,2627,4508,27048,6
204,810008.396,9157227.391,2627,4508,27048,6
204,810009.188,9157228.092,2627,4508,27048,6
204,810009.983,9157229.266,2627,4508,27048,6
204,810010.686,9157230.366,2627,4508,27048,6
204,810011.096,9157231.185,2627,4508,27048,6
204,810012.166,9157231.997,2627,4508,27048,6
204,810013.439,9157232.825,2627,4508,27048,6
204,810014.061,9157233.352,2627,4508,27048,6
204,810015.237,9157234.204,2627,4508,27048,6
204,810016.482,9157235.212,2627,4508,27048,6
204,810017.207,9157236.179,2627,4508,27048,6
204,810018.923,9157236.675,2627,4508,27048,6
204,810020.331,9157237.489,2627,4508,27048,6
204,810021.962,9157238.352,2627,4508,27048,6
204,810022.802,9157238.891,2627,4508,27048,6
204,810024.824,9157239.272,2627,4508,27048,6
204,810026.39,9157239.585,2627,4508,27048,6
204,810027.857,9157240.021,2627,4508,27048,6
204,810029.427,9157240.359,2627,4508,27048,6
204,810030.662,9157240.573,2627,4508,27048,6
204,810033.5,9157239.842,2627,4508,27048,6
204,810034.408,9157239.904,2627,4508,27048,6
204,810034.657,9157239.914,2627,4508,27048,6
204,810036.873,9157240.789,2627,4508,27048,6
204,810038.679,9157241.032,2627,4508,27048,6
204,810038.953,9157241.085,2627,4508,27048,6
204,810040.975,9157241.522,2627,4508,27048,6
204,810041.255,9157241.639,2627,4508,27048,6
204,810043.219,9157242.043,2627,4508,27048,6
204,810045.143,9157242.333,2627,4508,27048,6
204,810045.986,9157242.47,2627,4508,27048,6
204,810046.492,9157242.631,2627,4508,27048,6
204,810048.106,9157243.399,2627,4508,27048,6
204,810048.449,9157243.859,2627,4508,27048,6
204,810048.976,9157244.58,2627,4508,27048,6
204,810049.475,9157246.384,2627,4508,27048,6
204,810049.503,9157247.167,2627,4508,27048,6
204,810049.378,9157248.923,2627,4508,27048,6
204,810048.913,9157250.744,2627,4508,27048,6
204,810048.634,9157253.473,2627,4508,27048,6
204,810048.771,9157255.682,2627,4508,27048,6
204,810049.673,9157258.23,2627,4508,27048,6
204,810049.858,9157259.204,2627,4508,27048,6
204,810050.132,9157260.581,2627,4508,27048,6
204,810050.556,9157262.675,2627,4508,27048,6
204,810050.88,9157264.799,2627,4508,27048,6
204,810050.959,9157265.139,2627,4508,27048,6
204,810051.192,9157266.122,2627,4508,27048,6
204,810051.665,9157268.041,2627,4508,27048,6
204,810051.914,9157269.027,2627,4508,27048,6
204,810052.486,9157270.96,2627,4508,27048,6
204,810052.548,9157271.245,2627,4508,27048,6
204,810052.925,9157272.084,2627,4508,27048,6
204,810053.348,9157272.936,2627,4508,27048,6
204,810053.6,9157274.929,2627,4508,27048,6
204,810053.715,9157275.17,2627,4508,27048,6
204,810053.781,9157276.858,2627,4508,27048,6
204,810054.171,9157278.739,2627,4508,27048,6
204,810056.218,9157282.299,2627,4508,27048,6
204,810056.44,9157284.03,2627,4508,27048,6
204,810056.234,9157285.783,2627,4508,27048,6
204,810057.639,9157286.493,2627,4508,27048,6
204,810048.82,9157242.703,2627,4508,27048,6
204,810041.242,9157206.165,2627,4508,27048,6
204,810057.338,9157112.24,2627,4508,27048,6
204,810055.854,9157100.823,2627,4508,27048,6
204,810052.045,9157094.116,2627,4508,27048,6
204,810048.294,9157090.443,2627,4508,27048,6
205,809898.335,9157921.984,2639,13401,80407,6
205,809897.915,9157920.841,2639,13401,80407,6
205,809897.589,9157919.952,2639,13401,80407,6
205,809897.324,9157919.2,2639,13401,80407,6
205,809897.192,9157918.85,2639,13401,80407,6
205,809895.181,9157915.071,2639,13401,80407,6
205,809894.736,9157914.609,2639,13401,80407,6
205,809892.152,9157912.452,2639,13401,80407,6
205,809891.498,9157912.813,2639,13401,80407,6
205,809889.656,9157913.769,2639,13401,80407,6
205,809887.347,9157914.572,2639,13401,80407,6
205,809886.53,9157915.01,2639,13401,80407,6
205,809884.707,9157916.091,2639,13401,80407,6
205,809883.866,9157916.825,2639,13401,80407,6
205,809883.1,9157915.518,2639,13401,80407,6
205,809882.368,9157914.427,2639,13401,80407,6
205,809881.039,9157912.631,2639,13401,80407,6
205,809879.014,9157909.492,2639,13401,80407,6
205,809877.371,9157907.541,2639,13401,80407,6
205,809876.481,9157906.135,2639,13401,80407,6
205,809874.871,9157903.233,2639,13401,80407,6
205,809873.734,9157901.242,2639,13401,80407,6
205,809872.04,9157898.473,2639,13401,80407,6
205,809871.59,9157897.685,2639,13401,80407,6
205,809871.037,9157896.797,2639,13401,80407,6
205,809869.244,9157893.392,2639,13401,80407,6
205,809868.923,9157892.773,2639,13401,80407,6
205,809867.956,9157891.243,2639,13401,80407,6
205,809867.854,9157891.038,2639,13401,80407,6
205,809866.248,9157887.449,2639,13401,80407,6
205,809865.877,9157886.747,2639,13401,80407,6
205,809864.201,9157883.791,2639,13401,80407,6
205,809863.629,9157882.693,2639,13401,80407,6
205,809863.541,9157882.451,2639,13401,80407,6
205,809861.111,9157876.199,2639,13401,80407,6
205,809861.018,9157875.954,2639,13401,80407,6
205,809860.91,9157875.323,2639,13401,80407,6
205,809860.106,9157870.468,2639,13401,80407,6
205,809859.994,9157869.739,2639,13401,80407,6
205,809859.631,9157867.711,2639,13401,80407,6
205,809859.407,9157866.131,2639,13401,80407,6
205,809859.408,9157865.18,2639,13401,80407,6
205,809859.404,9157864.242,2639,13401,80407,6
205,809859.388,9157861.976,2639,13401,80407,6
205,809859.397,9157861.452,2639,13401,80407,6
205,809859.508,9157858.587,2639,13401,80407,6
205,809859.497,9157857.491,2639,13401,80407,6
205,809859.635,9157856.249,2639,13401,80407,6
205,809859.862,9157853.851,2639,13401,80407,6
205,809859.88,9157852.401,2639,13401,80407,6
205,809859.932,9157850.767,2639,13401,80407,6
205,809860.02,9157848.989,2639,13401,80407,6
205,809859.905,9157846.098,2639,13401,80407,6
205,809859.84,9157844.419,2639,13401,80407,6
205,809859.7,9157842.094,2639,13401,80407,6
205,809859.672,9157838.861,2639,13401,80407,6
205,809859.615,9157837.443,2639,13401,80407,6
205,809859.56,9157836.865,2639,13401,80407,6
205,809859.494,9157836.058,2639,13401,80407,6
205,809859.558,9157833.664,2639,13401,80407,6
205,809859.63,9157831.091,2639,13401,80407,6
205,809859.813,9157829.804,2639,13401,80407,6
205,809859.941,9157828.262,2639,13401,80407,6
205,809859.947,9157828.179,2639,13401,80407,6
205,809859.945,9157828.002,2639,13401,80407,6
205,809860.114,9157827.674,2639,13401,80407,6
205,809860.774,9157826.122,2639,13401,80407,6
205,809863.358,9157826.747,2639,13401,80407,6
205,809863.185,9157828.649,2639,13401,80407,6
205,809863.293,9157828.842,2639,13401,80407,6
205,809863.133,9157830.9,2639,13401,80407,6
205,809861.78,9157832.995,2639,13401,80407,6
205,809861.635,9157833.401,2639,13401,80407,6
205,809863.856,9157833.561,2639,13401,80407,6
205,809864.422,9157833.478,2639,13401,80407,6
205,809865.471,9157833.358,2639,13401,80407,6
205,809866.045,9157833.167,2639,13401,80407,6
205,809866.433,9157832.984,2639,13401,80407,6
205,809868.425,9157832.212,2639,13401,80407,6
205,809868.888,9157832.13,2639,13401,80407,6
205,809869.1,9157831.98,2639,13401,80407,6
205,809870.484,9157831.015,2639,13401,80407,6
205,809870.629,9157830.893,2639,13401,80407,6
205,809871.851,9157830.533,2639,13401,80407,6
205,809873.213,9157830.068,2639,13401,80407,6
205,809873.495,9157829.882,2639,13401,80407,6
205,809874.407,9157829.197,2639,13401,80407,6
205,809874.7,9157829.039,2639,13401,80407,6
205,809876.321,9157827.718,2639,13401,80407,6
205,809876.563,9157827.527,2639,13401,80407,6
205,809877.456,9157827.026,2639,13401,80407,6
205,809877.703,9157826.765,2639,13401,80407,6
205,809878.884,9157825.666,2639,13401,80407,6
205,809879.146,9157825.537,2639,13401,80407,6
205,809880.16,9157823.863,2639,13401,80407,6
205,809881.28,9157823.026,2639,13401,80407,6
205,809882.975,9157822.999,2639,13401,80407,6
205,809885.115,9157823.432,2639,13401,80407,6
205,809885.498,9157823.451,2639,13401,80407,6
205,809887.028,9157823.44,2639,13401,80407,6
205,809888.048,9157823.595,2639,13401,80407,6
205,809888.489,9157823.566,2639,13401,80407,6
205,809889.43,9157823.793,2639,13401,80407,6
205,809889.918,9157823.886,2639,13401,80407,6
205,809891.882,9157823.918,2639,13401,80407,6
205,809892.366,9157823.915,2639,13401,80407,6
205,809893.519,9157824.227,2639,13401,80407,6
205,809895.082,9157823.891,2639,13401,80407,6
205,809896.705,9157823.833,2639,13401,80407,6
205,809898.32,9157823.659,2639,13401,80407,6
205,809899.986,9157823.223,2639,13401,80407,6
205,809900.295,9157823.209,2639,13401,80407,6
205,809901.814,9157823.404,2639,13401,80407,6
205,809903.442,9157823.513,2639,13401,80407,6
205,809903.732,9157823.495,2639,13401,80407,6
205,809905.069,9157823.691,2639,13401,80407,6
205,809905.352,9157823.722,2639,13401,80407,6
205,809906.301,9157823.865,2639,13401,80407,6
205,809906.579,9157823.823,2639,13401,80407,6
205,809908.208,9157823.696,2639,13401,80407,6
205,809908.52,9157823.719,2639,13401,80407,6
205,809910.94,9157823.848,2639,13401,80407,6
205,809911.273,9157823.779,2639,13401,80407,6
205,809911.603,9157823.807,2639,13401,80407,6
205,809913.149,9157823.29,2639,13401,80407,6
205,809914.317,9157823.298,2639,13401,80407,6
205,809914.648,9157823.361,2639,13401,80407,6
205,809916.035,9157823.5,2639,13401,80407,6
205,809916.367,9157823.475,2639,13401,80407,6
205,809917.379,9157823.296,2639,13401,80407,6
205,809920.253,9157823.469,2639,13401,80407,6
205,809920.603,9157823.56,2639,13401,80407,6
205,809920.96,9157823.409,2639,13401,80407,6
205,809921.901,9157823.145,2639,13401,80407,6
205,809923.426,9157823.282,2639,13401,80407,6
205,809923.715,9157823.272,2639,13401,80407,6
205,809923.994,9157823.182,2639,13401,80407,6
205,809925.801,9157823.046,2639,13401,80407,6
205,809926.132,9157822.994,2639,13401,80407,6
205,809927.41,9157822.578,2639,13401,80407,6
205,809929.685,9157822.221,2639,13401,80407,6
205,809930.029,9157822.271,2639,13401,80407,6
205,809931.458,9157822.357,2639,13401,80407,6
205,809931.824,9157822.292,2639,13401,80407,6
205,809932.872,9157821.698,2639,13401,80407,6
205,809933.153,9157821.673,2639,13401,80407,6
205,809936.788,9157822.064,2639,13401,80407,6
205,809937.113,9157822.01,2639,13401,80407,6
205,809937.441,9157821.986,2639,13401,80407,6
205,809938.822,9157821.72,2639,13401,80407,6
205,809939.162,9157821.802,2639,13401,80407,6
205,809939.917,9157821.818,2639,13401,80407,6
205,809940.275,9157821.678,2639,13401,80407,6
205,809942.63,9157821.078,2639,13401,80407,6
205,809942.893,9157821.009,2639,13401,80407,6
205,809943.809,9157820.817,2639,13401,80407,6
205,809945.695,9157820.381,2639,13401,80407,6
205,809945.917,9157820.345,2639,13401,80407,6
205,809946.115,9157820.26,2639,13401,80407,6
205,809947.771,9157820.189,2639,13401,80407,6
205,809948.014,9157820.105,2639,13401,80407,6
205,809949.752,9157819.352,2639,13401,80407,6
205,809950.003,9157819.368,2639,13401,80407,6
205,809951.253,9157818.536,2639,13401,80407,6
205,809952.629,9157818.565,2639,13401,80407,6
205,809952.919,9157818.505,2639,13401,80407,6
205,809956.51,9157817.303,2639,13401,80407,6
205,809956.694,9157817.307,2639,13401,80407,6
205,809956.871,9157817.229,2639,13401,80407,6
205,809957.019,9157817.138,2639,13401,80407,6
205,809958.685,9157816.891,2639,13401,80407,6
205,809960.825,9157816.538,2639,13401,80407,6
205,809961.062,9157816.539,2639,13401,80407,6
205,809961.284,9157816.445,2639,13401,80407,6
205,809962.636,9157815.874,2639,13401,80407,6
205,809963.529,9157815.454,2639,13401,80407,6
205,809966.05,9157815.568,2639,13401,80407,6
205,809966.256,9157815.587,2639,13401,80407,6
205,809968.326,9157815.981,2639,13401,80407,6
205,809968.627,9157815.948,2639,13401,80407,6
205,809968.926,9157815.968,2639,13401,80407,6
205,809972.677,9157815.255,2639,13401,80407,6
205,809972.932,9157815.221,2639,13401,80407,6
205,809973.175,9157815.161,2639,13401,80407,6
205,809974.504,9157814.778,2639,13401,80407,6
205,809975.99,9157814.337,2639,13401,80407,6
205,809976.069,9157814.32,2639,13401,80407,6
205,809978.305,9157814.284,2639,13401,80407,6
205,809979.462,9157814.172,2639,13401,80407,6
205,809979.574,9157814.19,2639,13401,80407,6
205,809979.679,9157814.159,2639,13401,80407,6
205,809981.519,9157813.665,2639,13401,80407,6
205,809981.552,9157813.658,2639,13401,80407,6
205,809982.478,9157813.428,2639,13401,80407,6
205,809982.491,9157813.418,2639,13401,80407,6
205,809984.94,9157812.738,2639,13401,80407,6
205,809984.977,9157812.729,2639,13401,80407,6
205,809986.701,9157812.199,2639,13401,80407,6
205,809989.387,9157812.059,2639,13401,80407,6
205,809991.86,9157811.429,2639,13401,80407,6
205,809991.887,9157811.423,2639,13401,80407,6
205,809992.386,9157811.02,2639,13401,80407,6
205,810001.549,9157808.222,2639,13401,80407,6
205,810008.34,9157801.35,2639,13401,80407,6
205,810024.392,9157851.791,2639,13401,80407,6
205,810037.145,9157873.72,2639,13401,80407,6
205,809898.335,9157921.984,2639,13401,80407,6
206,810037.145,9157873.72,2639,19265,115590,6
206,810055.107,9157904.608,2639,19265,115590,6
206,810065.19,9157991.058,2639,19265,115590,6
206,810065.529,9157997.836,2639,19265,115590,6
206,810064.448,9158028.767,2639,19265,115590,6
206,810072.942,9158063.901,2639,19265,115590,6
206,810073.757,9158066.985,2639,19265,115590,6
206,810072.307,9158066.609,2639,19265,115590,6
206,810070.592,9158066.394,2639,19265,115590,6
206,810067.208,9158066.411,2639,19265,115590,6
206,810065.14,9158066.293,2639,19265,115590,6
206,810064.749,9158065.478,2639,19265,115590,6
206,810064.159,9158063.947,2639,19265,115590,6
206,810063.912,9158063.09,2639,19265,115590,6
206,810063.535,9158061.305,2639,19265,115590,6
206,810062.893,9158060.285,2639,19265,115590,6
206,810062.822,9158060.244,2639,19265,115590,6
206,810062.036,9158059.763,2639,19265,115590,6
206,810061.914,9158059.583,2639,19265,115590,6
206,810061.879,9158059.536,2639,19265,115590,6
206,810061.822,9158059.3,2639,19265,115590,6
206,810061.623,9158058.408,2639,19265,115590,6
206,810060.373,9158055.688,2639,19265,115590,6
206,810060.299,9158055.569,2639,19265,115590,6
206,810060.21,9158055.444,2639,19265,115590,6
206,810059.833,9158054.91,2639,19265,115590,6
206,810057.657,9158051.645,2639,19265,115590,6
206,810057.065,9158050.899,2639,19265,115590,6
206,810056.305,9158050.433,2639,19265,115590,6
206,810054.173,9158048.895,2639,19265,115590,6
206,810054.264,9158047.878,2639,19265,115590,6
206,810054.769,9158043.859,2639,19265,115590,6
206,810055.103,9158042.072,2639,19265,115590,6
206,810055.134,9158040.844,2639,19265,115590,6
206,810055.45,9158038.893,2639,19265,115590,6
206,810055.435,9158038.307,2639,19265,115590,6
206,810055.317,9158036.306,2639,19265,115590,6
206,810055.231,9158035.969,2639,19265,115590,6
206,810054.941,9158035.661,2639,19265,115590,6
206,810053.182,9158035.406,2639,19265,115590,6
206,810051.638,9158034.917,2639,19265,115590,6
206,810050.31,9158034.704,2639,19265,115590,6
206,810048.487,9158034.146,2639,19265,115590,6
206,810046.107,9158033.486,2639,19265,115590,6
206,810044.694,9158033.085,2639,19265,115590,6
206,810042.246,9158032.54,2639,19265,115590,6
206,810040.568,9158032.147,2639,19265,115590,6
206,810037.777,9158031.663,2639,19265,115590,6
206,810035.675,9158031.439,2639,19265,115590,6
206,810032.84,9158031.03,2639,19265,115590,6
206,810028.612,9158030.3,2639,19265,115590,6
206,810026.119,9158029.839,2639,19265,115590,6
206,810022.483,9158029.411,2639,19265,115590,6
206,810020.29,9158029.093,2639,19265,115590,6
206,810014.731,9158028.117,2639,19265,115590,6
206,810013.492,9158027.991,2639,19265,115590,6
206,810009.6,9158027.487,2639,19265,115590,6
206,810006.796,9158027.049,2639,19265,115590,6
206,810000.829,9158026.311,2639,19265,115590,6
206,809994.578,9158025.547,2639,19265,115590,6
206,809993.912,9158025.479,2639,19265,115590,6
206,809993.159,9158025.395,2639,19265,115590,6
206,809987.201,9158024.045,2639,19265,115590,6
206,809980.827,9158022.646,2639,19265,115590,6
206,809978.365,9158021.928,2639,19265,115590,6
206,809977.833,9158021.787,2639,19265,115590,6
206,809976.541,9158021.449,2639,19265,115590,6
206,809971.986,9158020.252,2639,19265,115590,6
206,809968.263,9158019.279,2639,19265,115590,6
206,809966.22,9158018.61,2639,19265,115590,6
206,809964.334,9158018.048,2639,19265,115590,6
206,809961.277,9158016.691,2639,19265,115590,6
206,809959.631,9158015.994,2639,19265,115590,6
206,809959.218,9158015.838,2639,19265,115590,6
206,809956.492,9158014.773,2639,19265,115590,6
206,809955.36,9158014.328,2639,19265,115590,6
206,809955.158,9158014.24,2639,19265,115590,6
206,809951.869,9158012.909,2639,19265,115590,6
206,809951.042,9158012.503,2639,19265,115590,6
206,809948.294,9158011.264,2639,19265,115590,6
206,809946.37,9158010.262,2639,19265,115590,6
206,809944.887,9158009.481,2639,19265,115590,6
206,809942.933,9158008.33,2639,19265,115590,6
206,809940.608,9158007.026,2639,19265,115590,6
206,809939.293,9158006.179,2639,19265,115590,6
206,809936.847,9158004.37,2639,19265,115590,6
206,809935.857,9158003.658,2639,19265,115590,6
206,809935.015,9158002.932,2639,19265,115590,6
206,809933.002,9158001.105,2639,19265,115590,6
206,809931.116,9157998.762,2639,19265,115590,6
206,809931.037,9157998.668,2639,19265,115590,6
206,809930.939,9157998.525,2639,19265,115590,6
206,809928.65,9157995.44,2639,19265,115590,6
206,809927.441,9157993.962,2639,19265,115590,6
206,809926.565,9157992.864,2639,19265,115590,6
206,809926.276,9157992.458,2639,19265,115590,6
206,809925.938,9157991.694,2639,19265,115590,6
206,809924.379,9157988.181,2639,19265,115590,6
206,809923.733,9157987.005,2639,19265,115590,6
206,809922.657,9157984.784,2639,19265,115590,6
206,809922.547,9157984.589,2639,19265,115590,6
206,809922.413,9157984.417,2639,19265,115590,6
206,809922.006,9157983.834,2639,19265,115590,6
206,809918.958,9157979.196,2639,19265,115590,6
206,809917.118,9157976.798,2639,19265,115590,6
206,809915.371,9157974.525,2639,19265,115590,6
206,809913.913,9157972.808,2639,19265,115590,6
206,809912.334,9157970.797,2639,19265,115590,6
206,809910.415,9157967.699,2639,19265,115590,6
206,809910.11,9157967.2,2639,19265,115590,6
206,809908.225,9157963.692,2639,19265,115590,6
206,809907.6,9157962.522,2639,19265,115590,6
206,809906.098,9157959.008,2639,19265,115590,6
206,809904.855,9157956.229,2639,19265,115590,6
206,809904.168,9157954.407,2639,19265,115590,6
206,809903.63,9157952.654,2639,19265,115590,6
206,809903.593,9157952.516,2639,19265,115590,6
206,809903.325,9157951.085,2639,19265,115590,6
206,809903.31,9157950.969,2639,19265,115590,6
206,809902.831,9157948.052,2639,19265,115590,6
206,809902.726,9157947.193,2639,19265,115590,6
206,809902.503,9157945.954,2639,19265,115590,6
206,809902.406,9157945.321,2639,19265,115590,6
206,809902.148,9157944.134,2639,19265,115590,6
206,809902.083,9157943.814,2639,19265,115590,6
206,809901.769,9157942.063,2639,19265,115590,6
206,809901.341,9157939.01,2639,19265,115590,6
206,809901.333,9157938.955,2639,19265,115590,6
206,809901.328,9157938.903,2639,19265,115590,6
206,809901.231,9157938.168,2639,19265,115590,6
206,809901.136,9157937.394,2639,19265,115590,6
206,809901.121,9157937.23,2639,19265,115590,6
206,809900.954,9157935.336,2639,19265,115590,6
206,809900.906,9157934.693,2639,19265,115590,6
206,809900.824,9157933.502,2639,19265,115590,6
206,809900.733,9157932.337,2639,19265,115590,6
206,809900.69,9157931.822,2639,19265,115590,6
206,809900.598,9157930.724,2639,19265,115590,6
206,809900.583,9157930.611,2639,19265,115590,6
206,809900.545,9157930.3,2639,19265,115590,6
206,809900.442,9157929.434,2639,19265,115590,6
206,809900.305,9157928.632,2639,19265,115590,6
206,809900.201,9157928.115,2639,19265,115590,6
206,809900.07,9157927.577,2639,19265,115590,6
206,809900.01,9157927.367,2639,19265,115590,6
206,809899.729,9157926.272,2639,19265,115590,6
206,809899.371,9157925.094,2639,19265,115590,6
206,809899.326,9157924.944,2639,19265,115590,6
206,809899.092,9157924.047,2639,19265,115590,6
206,809899.049,9157923.884,2639,19265,115590,6
206,809898.718,9157923.023,2639,19265,115590,6
206,809898.587,9157922.644,2639,19265,115590,6
206,809898.335,9157921.984,2639,19265,115590,6
206,810037.145,9157873.72,2639,19265,115590,6
207,809873.178,9157455.239,2639,9839,59034,6
207,809873.198,9157455.028,2639,9839,59034,6
207,809886.028,9157330.878,2639,9839,59034,6
207,809885.204,9157324.597,2639,9839,59034,6
207,809885.053,9157324.649,2639,9839,59034,6
207,809884.925,9157324.7,2639,9839,59034,6
207,809881.741,9157325.128,2639,9839,59034,6
207,809881.577,9157325.172,2639,9839,59034,6
207,809881.449,9157325.276,2639,9839,59034,6
207,809881.301,9157325.275,2639,9839,59034,6
207,809881.147,9157325.288,2639,9839,59034,6
207,809880.987,9157325.282,2639,9839,59034,6
207,809869.054,9157326.924,2639,9839,59034,6
207,809868.799,9157326.936,2639,9839,59034,6
207,809868.525,9157326.909,2639,9839,59034,6
207,809868.262,9157326.901,2639,9839,59034,6
207,809867.988,9157326.906,2639,9839,59034,6
207,809865.136,9157326.855,2639,9839,59034,6
207,809864.896,9157326.832,2639,9839,59034,6
207,809864.657,9157326.803,2639,9839,59034,6
207,809864.379,9157326.765,2639,9839,59034,6
207,809861.476,9157326.349,2639,9839,59034,6
207,809861.211,9157326.351,2639,9839,59034,6
207,809858.357,9157325.876,2639,9839,59034,6
207,809858.1,9157325.813,2639,9839,59034,6
207,809857.8,9157325.766,2639,9839,59034,6
207,809855.438,9157325.125,2639,9839,59034,6
207,809852.919,9157325.155,2639,9839,59034,6
207,809852.657,9157325.131,2639,9839,59034,6
207,809852.427,9157325.106,2639,9839,59034,6
207,809849.579,9157324.806,2639,9839,59034,6
207,809849.35,9157324.76,2639,9839,59034,6
207,809849.104,9157324.671,2639,9839,59034,6
207,809846.561,9157324.514,2639,9839,59034,6
207,809844.056,9157324.807,2639,9839,59034,6
207,809843.712,9157324.835,2639,9839,59034,6
207,809840.888,9157324.914,2639,9839,59034,6
207,809840.578,9157325.029,2639,9839,59034,6
207,809840.314,9157325.021,2639,9839,59034,6
207,809839.994,9157324.987,2639,9839,59034,6
207,809837.582,9157324.554,2639,9839,59034,6
207,809837.207,9157324.583,2639,9839,59034,6
207,809834.801,9157324.887,2639,9839,59034,6
207,809832.248,9157325.08,2639,9839,59034,6
207,809832.035,9157325.24,2639,9839,59034,6
207,809831.725,9157325.216,2639,9839,59034,6
207,809829.076,9157326.437,2639,9839,59034,6
207,809828.716,9157326.536,2639,9839,59034,6
207,809828.354,9157326.608,2639,9839,59034,6
207,809825.521,9157326.406,2639,9839,59034,6
207,809825.199,9157326.551,2639,9839,59034,6
207,809823.015,9157326.5,2639,9839,59034,6
207,809820.857,9157327.227,2639,9839,59034,6
207,809820.574,9157327.315,2639,9839,59034,6
207,809820.357,9157327.286,2639,9839,59034,6
207,809817.968,9157328.227,2639,9839,59034,6
207,809815.534,9157329.208,2639,9839,59034,6
207,809814.997,9157329.432,2639,9839,59034,6
207,809814.655,9157329.477,2639,9839,59034,6
207,809812.194,9157330.496,2639,9839,59034,6
207,809812.116,9157330.61,2639,9839,59034,6
207,809809.635,9157331.313,2639,9839,59034,6
207,809809.324,9157331.439,2639,9839,59034,6
207,809806.942,9157332.478,2639,9839,59034,6
207,809806.678,9157332.6,2639,9839,59034,6
207,809804.432,9157333.943,2639,9839,59034,6
207,809804.1,9157334.107,2639,9839,59034,6
207,809803.754,9157334.172,2639,9839,59034,6
207,809801.521,9157335.431,2639,9839,59034,6
207,809801.313,9157335.554,2639,9839,59034,6
207,809799.36,9157337.155,2639,9839,59034,6
207,809799.162,9157337.411,2639,9839,59034,6
207,809796.958,9157338.668,2639,9839,59034,6
207,809796.885,9157339.069,2639,9839,59034,6
207,809795.521,9157340.859,2639,9839,59034,6
207,809795.54,9157341.672,2639,9839,59034,6
207,809795.04,9157343.375,2639,9839,59034,6
207,809792.438,9157344.912,2639,9839,59034,6
207,809794.215,9157345.953,2639,9839,59034,6
207,809796.311,9157345.577,2639,9839,59034,6
207,809796.853,9157346.042,2639,9839,59034,6
207,809797.409,9157346.449,2639,9839,59034,6
207,809798.837,9157347.266,2639,9839,59034,6
207,809799.342,9157347.663,2639,9839,59034,6
207,809801.031,9157348.572,2639,9839,59034,6
207,809802.939,9157349.809,2639,9839,59034,6
207,809804.924,9157351.738,2639,9839,59034,6
207,809806.443,9157353.323,2639,9839,59034,6
207,809808.063,9157355.654,2639,9839,59034,6
207,809808.875,9157358.364,2639,9839,59034,6
207,809809.666,9157360.374,2639,9839,59034,6
207,809809.824,9157361.476,2639,9839,59034,6
207,809810.085,9157369.196,2639,9839,59034,6
207,809809.959,9157371.167,2639,9839,59034,6
207,809810.185,9157372.787,2639,9839,59034,6
207,809810.107,9157374.295,2639,9839,59034,6
207,809810.223,9157375.949,2639,9839,59034,6
207,809810.152,9157377.648,2639,9839,59034,6
207,809809.949,9157379.289,2639,9839,59034,6
207,809810.114,9157381.044,2639,9839,59034,6
207,809809.852,9157384.467,2639,9839,59034,6
207,809809.722,9157385.02,2639,9839,59034,6
207,809809.715,9157385.59,2639,9839,59034,6
207,809809.563,9157386.141,2639,9839,59034,6
207,809808.935,9157389.517,2639,9839,59034,6
207,809808.573,9157390.257,2639,9839,59034,6
207,809808.388,9157390.783,2639,9839,59034,6
207,809807.384,9157395.396,2639,9839,59034,6
207,809807.216,9157395.935,2639,9839,59034,6
207,809807.042,9157396.466,2639,9839,59034,6
207,809807.12,9157397.046,2639,9839,59034,6
207,809804.966,9157401.098,2639,9839,59034,6
207,809804.776,9157401.627,2639,9839,59034,6
207,809804.577,9157402.115,2639,9839,59034,6
207,809803.488,9157404.112,2639,9839,59034,6
207,809801.742,9157405.973,2639,9839,59034,6
207,809801.667,9157406.14,2639,9839,59034,6
207,809801.594,9157406.322,2639,9839,59034,6
207,809800.392,9157408.504,2639,9839,59034,6
207,809800.323,9157408.641,2639,9839,59034,6
207,809799.348,9157410.752,2639,9839,59034,6
207,809798.59,9157413.231,2639,9839,59034,6
207,809798.547,9157413.388,2639,9839,59034,6
207,809798.411,9157413.517,2639,9839,59034,6
207,809798.3,9157413.646,2639,9839,59034,6
207,809797.44,9157416.125,2639,9839,59034,6
207,809797.346,9157416.293,2639,9839,59034,6
207,809796.046,9157418.31,2639,9839,59034,6
207,809795.979,9157418.493,2639,9839,59034,6
207,809795.952,9157418.701,2639,9839,59034,6
207,809795.383,9157421.002,2639,9839,59034,6
207,809795.288,9157421.255,2639,9839,59034,6
207,809794.525,9157423.456,2639,9839,59034,6
207,809794.035,9157425.796,2639,9839,59034,6
207,809793.927,9157426.003,2639,9839,59034,6
207,809793.385,9157428.205,2639,9839,59034,6
207,809793.327,9157428.48,2639,9839,59034,6
207,809793.297,9157428.757,2639,9839,59034,6
207,809792.48,9157430.815,2639,9839,59034,6
207,809792.473,9157431.179,2639,9839,59034,6
207,809791.896,9157435.113,2639,9839,59034,6
207,809791.406,9157436.234,2639,9839,59034,6
207,809790.245,9157437.964,2639,9839,59034,6
207,809789.131,9157439.645,2639,9839,59034,6
207,809788.564,9157441.099,2639,9839,59034,6
207,809787.791,9157442.837,2639,9839,59034,6
207,809786.826,9157444.356,2639,9839,59034,6
207,809786.346,9157446.154,2639,9839,59034,6
207,809785.726,9157447.665,2639,9839,59034,6
207,809873.178,9157455.239,2639,9839,59034,6
208,809785.726,9157447.665,2639,14788,88728,6
208,809785.713,9157447.697,2639,14788,88728,6
208,809785.176,9157449.545,2639,14788,88728,6
208,809784.639,9157451.646,2639,14788,88728,6
208,809783.836,9157453.686,2639,14788,88728,6
208,809783.434,9157455.534,2639,14788,88728,6
208,809782.656,9157458.016,2639,14788,88728,6
208,809782.394,9157460.29,2639,14788,88728,6
208,809781.835,9157461.904,2639,14788,88728,6
208,809780.795,9157463.684,2639,14788,88728,6
208,809780.379,9157465.488,2639,14788,88728,6
208,809779.873,9157467.237,2639,14788,88728,6
208,809779.553,9157468.761,2639,14788,88728,6
208,809779.356,9157470.528,2639,14788,88728,6
208,809778.711,9157472.399,2639,14788,88728,6
208,809778.48,9157474.129,2639,14788,88728,6
208,809778.209,9157475.391,2639,14788,88728,6
208,809778.31,9157477.342,2639,14788,88728,6
208,809778.284,9157479.362,2639,14788,88728,6
208,809778.173,9157481.364,2639,14788,88728,6
208,809777.961,9157483.031,2639,14788,88728,6
208,809778.108,9157484.873,2639,14788,88728,6
208,809778.283,9157486.911,2639,14788,88728,6
208,809778.327,9157489.115,2639,14788,88728,6
208,809778.155,9157491.118,2639,14788,88728,6
208,809778.344,9157493.217,2639,14788,88728,6
208,809778.36,9157495.196,2639,14788,88728,6
208,809778.125,9157496.916,2639,14788,88728,6
208,809777.892,9157499.115,2639,14788,88728,6
208,809777.603,9157501.283,2639,14788,88728,6
208,809777.057,9157503.088,2639,14788,88728,6
208,809776.993,9157504.528,2639,14788,88728,6
208,809777.339,9157506.937,2639,14788,88728,6
208,809776.158,9157510.213,2639,14788,88728,6
208,809776.149,9157511.731,2639,14788,88728,6
208,809775.917,9157513.122,2639,14788,88728,6
208,809776.37,9157514.749,2639,14788,88728,6
208,809776.28,9157516.744,2639,14788,88728,6
208,809776.261,9157517.728,2639,14788,88728,6
208,809775.998,9157519.624,2639,14788,88728,6
208,809775.819,9157521.299,2639,14788,88728,6
208,809775.647,9157523.042,2639,14788,88728,6
208,809775.574,9157524.006,2639,14788,88728,6
208,809775.637,9157525.648,2639,14788,88728,6
208,809775.868,9157527.476,2639,14788,88728,6
208,809775.975,9157529.528,2639,14788,88728,6
208,809775.983,9157530.365,2639,14788,88728,6
208,809775.596,9157532.251,2639,14788,88728,6
208,809775.457,9157533.848,2639,14788,88728,6
208,809775.398,9157534.582,2639,14788,88728,6
208,809775.379,9157536.354,2639,14788,88728,6
208,809776.847,9157538.159,2639,14788,88728,6
208,809776.741,9157540.265,2639,14788,88728,6
208,809776.829,9157541.12,2639,14788,88728,6
208,809776.839,9157543.228,2639,14788,88728,6
208,809776.89,9157543.737,2639,14788,88728,6
208,809777.178,9157546.01,2639,14788,88728,6
208,809777.182,9157546.483,2639,14788,88728,6
208,809777.256,9157547.022,2639,14788,88728,6
208,809777.213,9157549.195,2639,14788,88728,6
208,809777.396,9157551.191,2639,14788,88728,6
208,809777.382,9157551.571,2639,14788,88728,6
208,809777.565,9157553.811,2639,14788,88728,6
208,809777.549,9157554.485,2639,14788,88728,6
208,809777.642,9157556.708,2639,14788,88728,6
208,809777.652,9157557.947,2639,14788,88728,6
208,809777.49,9157559.53,2639,14788,88728,6
208,809777.237,9157561.562,2639,14788,88728,6
208,809777.313,9157563.59,2639,14788,88728,6
208,809777.296,9157564.482,2639,14788,88728,6
208,809777.853,9157567.349,2639,14788,88728,6
208,809777.929,9157568.138,2639,14788,88728,6
208,809778.285,9157570.227,2639,14788,88728,6
208,809778.59,9157572.437,2639,14788,88728,6
208,809778.775,9157574.58,2639,14788,88728,6
208,809778.908,9157575.65,2639,14788,88728,6
208,809778.945,9157577.683,2639,14788,88728,6
208,809779.548,9157579.659,2639,14788,88728,6
208,809779.624,9157580.657,2639,14788,88728,6
208,809780.026,9157583.034,2639,14788,88728,6
208,809780.085,9157585.224,2639,14788,88728,6
208,809780.165,9157586.191,2639,14788,88728,6
208,809780.183,9157588.302,2639,14788,88728,6
208,809779.767,9157590.656,2639,14788,88728,6
208,809780.144,9157603.959,2639,14788,88728,6
208,809778.07,9157619.336,2639,14788,88728,6
208,809776.551,9157644.907,2639,14788,88728,6
208,809867.177,9157590.587,2639,14788,88728,6
208,809862.431,9157569.338,2639,14788,88728,6
208,809873.178,9157455.239,2639,14788,88728,6
208,809785.726,9157447.665,2639,14788,88728,6
